{"cameraMode":{"drawMode":0,"name":"Shaded","section":"Shading Mode"},"sceneLighting":true,"audioPlay":false,"sceneViewState":{"m_AlwaysRefresh":false,"showFog":true,"showSkybox":true,"showFlares":true,"showImageEffects":true,"showParticleSystems":true,"showVisualEffectGraphs":true,"m_FxEnabled":true},"in2DMode":false,"pivot":{"x":-5.404770374298096,"y":53.60204315185547,"z":52.60506057739258},"rotation":{"x":0.025292348116636277,"y":0.9533610343933106,"z":-0.2889753580093384,"w":0.08344153314828873},"size":3.2660250663757326,"orthographic":false}